id;code;title;subtitle;summary;language;tags;thumbnail;counter;created;updated;released;archived
1;angrily bomb;while disloyal which;zowie fertilizer in;within woot;EN;triumphantly woot like;ugh;22796;2023-12-20T07:47:04;2023-12-19T20:04:54;2023-12-20T00:53:36;2023-12-20T12:16:02
2;behind patriot;joyously towards anxiously;glaze reading;because sympathetically over;ES;above;without because;26646;2023-12-19T22:16:10;2023-12-20T09:16:23;2023-12-20T05:17:01;2023-12-20T04:29:59
3;furiously law fast;short hollow;provided;besides officer;DE;clap brr;brr;307;2023-12-20T02:04:47;2023-12-20T07:22:23;2023-12-19T21:29:43;2023-12-20T14:40:39
4;glamorise;dismember into owlishly;melodic;upliftingly worth than;ES;jaw hence referee;midst mob;13190;2023-12-20T14:45:50;2023-12-19T23:23:25;2023-12-20T10:01:14;2023-12-20T06:08:25
5;oof monthly;that wherever raid;briskly um top;but likely;DE;unless unexpectedly hm;silently;9197;2023-12-20T16:31:36;2023-12-20T13:47:07;2023-12-20T01:11:22;2023-12-19T23:00:37
6;smoke yowza aged;whirlwind rarely;responsible sadly;airbus;DE;up underneath curio;lest annually;2058;2023-12-20T10:16:45;2023-12-20T00:09:39;2023-12-19T20:27:58;2023-12-20T12:55:45
7;duh transcribe edge;instead;for abundance boohoo;zigzag;ES;notwithstanding informal;warmth;6643;2023-12-20T06:32:15;2023-12-20T12:39:15;2023-12-20T14:47:42;2023-12-19T23:24:46
8;farmer;searchingly utilize dehumanize;represent gee;wealthy;FR;with along gah;for thankfully furthermore;19008;2023-12-20T04:24:49;2023-12-20T10:59:40;2023-12-20T04:36:04;2023-12-20T17:19:00
9;footnote evenly schooner;failing;failing supposing;but from between;DE;given hastily;now oof;9019;2023-12-19T21:01:14;2023-12-20T06:19:20;2023-12-20T06:15:50;2023-12-19T20:37:53
10;tremendously;playfully revolver knot;abnormally slobber;rhyme why liberty;EN;gracefully;regarding;30820;2023-12-20T08:14:50;2023-12-19T22:43:20;2023-12-19T18:52:56;2023-12-20T11:57:27
