id;code;title;subtitle;summary;language;tags;duration;thumbnail;audio_url;content;series_id;chapter;created;updated;released;archived
1;pro;yowza spangle;overconfidently meh within;honest snug repose;DE;crinoline continually roughly;15826;teeming previous;flawed;barrack;30520;22886;2023-12-19T20:44:32;2023-12-20T00:46:13;2023-12-20T11:18:53;2023-12-20T08:50:20
2;bias why behind;vow;above;adventurous barring;EN;urgently while beech;11646;coarse yum;mushroom;truthfully;17828;12651;2023-12-20T17:20:06;2023-12-20T02:29:36;2023-12-20T05:01:38;2023-12-20T16:05:58
3;reunify raspberry niche;where since goodie;equally whether buzzing;eek;EN;vicious;22615;easy-going bunk modernity;chop;vapid dabble massage;30195;32112;2023-12-20T05:34:15;2023-12-20T01:30:38;2023-12-20T07:50:57;2023-12-20T04:12:39
4;caption old;monthly;liberalise system anenst;across;ES;save okra across;16847;lest inflect favorite;cylindrical if;loftily;12766;31692;2023-12-20T12:32:44;2023-12-20T00:26:00;2023-12-20T09:29:15;2023-12-20T13:29:58
5;drat salty victoriously;against;upright;dagger geez graduate;EN;righteously;32711;zone whenever;chapel absentmindedly exotic;opposite since;20080;15737;2023-12-20T16:28:50;2023-12-20T14:19:57;2023-12-19T23:49:16;2023-12-20T05:40:45
6;an untried;vanish lookout;athwart colorful;technology supposing;FR;boohoo fooey;24386;declare;conclude;dynamite;23843;15263;2023-12-20T13:10:54;2023-12-20T08:07:59;2023-12-19T22:58:46;2023-12-20T10:10:10
7;highly;finally wonderfully;instead near;vastly;EN;supposing subsidize;18309;with;lentil and;a wholesaler;22143;29130;2023-12-20T09:06:27;2023-12-19T23:54:18;2023-12-20T09:11:19;2023-12-19T22:02:10
8;sophomore lest;twitch;outlying;needily gee department;ES;gee;26683;heavy kiddingly;duh;yahoo immense welcome;25819;7695;2023-12-20T09:33:03;2023-12-19T19:30:02;2023-12-19T19:24:35;2023-12-19T19:54:17
9;quiet aboard minister;apud surprisingly duh;a oh rend;century zowie;EN;phew;6476;pish simulate;grain and programme;new lest;18798;15275;2023-12-20T00:58:59;2023-12-20T09:55:21;2023-12-20T02:56:40;2023-12-19T20:28:18
10;tracking;without crumble jewel;route huzzah hence;interlock;ES;optimistically but;22934;sweetly eek pfft;screech whose wisecrack;pace until;31137;11703;2023-12-20T13:15:23;2023-12-20T03:33:14;2023-12-20T00:39:11;2023-12-20T11:12:12
