id;code;title;label;created;release;archived
1;aw dilate worth;constellation;dreamily verse earnest;2023-12-20T07:24:45;2023-12-20T10:29:04;2023-12-20T04:03:58
2;aside;phew;intensely boo;2023-12-20T05:29:10;2023-12-20T09:05:15;2023-12-20T01:23:51
3;lest printing sizzling;eek gadzooks;bare consequently;2023-12-19T20:16:35;2023-12-20T08:49:39;2023-12-20T17:47:03
4;oof;apt youthfully;grind kiddingly;2023-12-19T18:34:29;2023-12-19T20:26:48;2023-12-19T21:00:05
5;billet about;brr;um neurobiologist;2023-12-20T07:28:34;2023-12-20T07:08:08;2023-12-20T06:51:40
6;grovel;yum pro;whenever knavishly;2023-12-20T10:35:46;2023-12-20T12:13:02;2023-12-20T18:17:31
7;legitimise;whose;furlough quarrelsomely;2023-12-20T16:07:01;2023-12-20T11:38:02;2023-12-20T02:04:29
8;outweigh soupy;that;how outside;2023-12-20T01:41:28;2023-12-20T06:48:42;2023-12-20T01:51:03
9;provided valiantly monthly;and;apropos bountiful gee;2023-12-20T10:42:38;2023-12-20T15:23:46;2023-12-20T03:21:13
10;refurbish until;fooey pointless hypothermia;whoa;2023-12-20T18:15:08;2023-12-20T01:24:03;2023-12-20T10:26:17
