id;type;name;email;website;instagram;phone_number;country;speaks;resume;notes;created;updated
1;FITNESS;scoff pfft gutter;Phoebe.Thiel@gmail.com;while comprehension empty;aha;mix;Malawi;dialect;assuage induce the;remunerate showy;2023-12-20T01:02:48;2023-12-19T23:51:23
2;WELLNESS;revitalise catalyze hm;Watson_Brown@yahoo.com;ick till;geez;heavy duh;Mali;consequently;joyfully;reproachfully;2023-12-20T08:32:11;2023-12-19T22:05:29
3;FITNESS;how straighten circa;Tatyana6@hotmail.com;spotless however;astride;powerfully blissfully;Cambodia;distil;inside rebuild candelabra;notwithstanding on stack;2023-12-20T03:09:46;2023-12-20T03:29:47
4;FITNESS;deem instead questionably;Chaya.Hansen@gmail.com;charm duh;pivot pastel ostracise;brightly shakily till;Nepal;plus;stunt meanwhile;whether;2023-12-19T20:24:46;2023-12-20T14:54:03
5;FITNESS;interview at;Morgan.Bauch@gmail.com;vast overpay;shakily pish;excitedly below reproachfully;Brazil;wash lure;lavish besides;house;2023-12-20T15:35:05;2023-12-20T04:45:36
6;FITNESS;giving gloss ick;Bria17@gmail.com;of;athwart;which arrogantly;Vanuatu;dissemination yowza acknowledge;psst worth;overdraw jolly;2023-12-20T13:18:38;2023-12-19T22:46:01
7;WELLNESS;indeed near;Berenice.Gulgowski86@gmail.com;boo proliferation;phooey ah delirious;yet;Sint Maarten;true;sweetly;when;2023-12-20T13:11:10;2023-12-20T14:46:14
8;FITNESS;off;Eladio_Altenwerth-Lowe67@gmail.com;silently;incarcerate;athwart commonly;Democratic Republic of the Congo;guillotine caulk;why;ouch unless;2023-12-19T22:01:16;2023-12-20T17:13:37
9;WELLNESS;beneath whoever;Rory.Cartwright72@yahoo.com;whoever;times;considering honored wonderful;Botswana;probation dictionary;orange;determined;2023-12-20T06:59:06;2023-12-20T00:06:46
10;FITNESS;want;Maia.Robel@hotmail.com;unlike;lumber;gosh amid;Bhutan;properly so;than caddy gladly;even remorseful reap;2023-12-20T15:14:07;2023-12-19T22:04:44
