id;code;title;label;created;released;archived
1;idolized reluctantly;mmm euphoric;bitterly;2023-12-20T13:59:22;2023-12-19T20:40:24;2023-12-20T12:57:11
2;after;choker oh;simple wetly amid;2023-12-20T06:30:57;2023-12-20T00:38:49;2023-12-20T16:58:55
3;after;curiously tipple;depreciate excluding poorly;2023-12-19T22:17:17;2023-12-20T12:23:14;2023-12-20T00:05:12
4;menacing which;french fresh;teammate hedge;2023-12-20T12:41:28;2023-12-19T23:31:42;2023-12-20T15:29:56
5;since;volatility;reformat;2023-12-20T03:25:33;2023-12-19T18:59:19;2023-12-19T20:54:17
6;puzzle however;where sheepishly yet;ouch;2023-12-20T06:18:48;2023-12-20T06:11:28;2023-12-19T18:50:32
7;urban;why accent;pastel lovingly;2023-12-20T05:43:19;2023-12-20T04:46:51;2023-12-19T22:24:15
8;surprisingly limit;beneath tensely ack;windage vaguely so;2023-12-20T10:04:22;2023-12-20T03:34:25;2023-12-19T18:53:26
9;across oh under;uh-huh beside next;appreciation tune canvas;2023-12-20T07:27:20;2023-12-19T23:32:39;2023-12-20T00:16:43
10;externalise shriek alternate;seemingly button;throughout defiant everlasting;2023-12-20T06:04:26;2023-12-20T04:48:55;2023-12-20T06:57:29
